{
    "Enero": {
        "top_20_cantidad": {
            "Acetaminofen 500mg Caplin": 1242.0,
            "PAN FRANCES GRANDE": 1220.0,
            "BANANO SUELTO": 845.0,
            "BOLSA CAMISETA GRANDE": 706.0,
            "Confite Unidad": 663.0,
            "POPIS MANG + SANDIA+PIN POP": 417.0,
            "PLATANO UNIDAD": 403.0,
            "HELADO CHOCO BIGGER D.P.": 372.0,
            "HUEVOS Z": 362.113,
            "OFERTA 1000": 318.0,
            "QUESO TURRIALBA": 285.84,
            "CERVEZA NATURAL LIGHT 355.ML": 250.0,
            "MAQUINILLA AFEITAR DURUSA": 237.0,
            "chocolate surtido peq.": 229.0,
            "MASA SUPER AMERICA AMARILLA 900GS": 223.0,
            "MASA BLANCA SUPER AMERICA 900G": 221.0,
            "LIM\u00d3N ACIDO UNIDAD": 221.0,
            "CUBA LIBRE ORIGINAL": 211.0,
            "TRIDENT YERBABUENA 5.5G": 210.0,
            "Pan Osmay": 193.0
        },
        "top_10_margen_porcentaje": {
            "MILAN GALLITO MENTA 12 UNI": 1991150342.47284,
            "soda 8+2 pozuelo": 940593959.40594,
            "Ron Bacard\u00ed Carta Oro 750ml": 761061846.902655,
            "CHOCOBOLAS FRASCO NUCITA UND": 688525563.716813,
            "Audifonos gato": 420353882.300885,
            "Cargador": 415929103.539823,
            "PAPEL PREMIUM 12ROLLOS": 415841484.158416,
            "CAFE DORADO 2PACK": 366336533.663366,
            "POLLO AGRIDULCE A LA NARANJA REY": 318583970.79646,
            "POLLO PICANTE ORIENTAL REY": 318583970.79646
        },
        "top_10_ganancia_total": {
            "QUESO TURRIALBA": 1270397.8188402248,
            "PAN FRANCES GRANDE": 671000.005612,
            "HUEVOS Z": 460134.54983671976,
            "PECHUGA DE POLLO Z": 305107.6176315828,
            "MASA SUPER AMERICA AMARILLA 900GS": 278749.9994648,
            "MASA BLANCA SUPER AMERICA 900G": 276249.9994696,
            "SALCHICHON LA FAMILIA S/CHILE Z": 192369.9996306496,
            "Pan Osmay": 164050.0003088,
            "ARROZ ESPECIAL A GRANEL": 163515.0000163515,
            "FILET DE PECHUGA Z": 161074.15994734113
        }
    },
    "Febrero": {
        "top_20_cantidad": {
            "PAN FRANCES GRANDE": 723.0,
            "Acetaminofen 500mg Caplin": 704.0,
            "BANANO SUELTO": 649.0,
            "BOLSA CAMISETA GRANDE": 356.0,
            "Confite Unidad": 335.0,
            "BOMBONERA SNICKERS": 278.0,
            "PLATANO UNIDAD": 237.0,
            "LIM\u00d3N ACIDO UNIDAD": 232.0,
            "HUEVOS Z": 216.486,
            "WANCHIZ  55G": 200.0,
            "CURITAS CUREFAST": 181.0,
            "OFERTA 1000": 172.0,
            "MASA SUPER AMERICA AMARILLA 900GS": 162.0,
            "POPIS MANG + SANDIA+PIN POP": 160.0,
            "QUESO TURRIALBA": 159.045,
            "CHOCOLATE CABSHA DISP48": 158.0,
            "TRIDENT MENTA PEQ.": 146.0,
            "MUSLITOS PR 2024 G": 138.0,
            "TRIDENT YERBABUENA 5.5G": 133.0,
            "TORTITAS PR 2090 G 22 U": 133.0
        },
        "top_10_margen_porcentaje": {
            "GALLETA POZUELO BOKITAS P/12": 2821782078.21782,
            "soda 8+2 pozuelo": 940593959.4059399,
            "GALLETA POZ MARIA TUBO": 871287028.712871,
            "CHOCOBOLAS FRASCO NUCITA UND": 688525563.716813,
            "CAFE DORADO 2PACK": 366336533.663366,
            "POLLO AGRIDULCE A LA NARANJA REY": 318583970.79646,
            "POLLO PICANTE ORIENTAL REY": 318583970.79646,
            "SABA MATERNIDAD 10und": 292079107.920792,
            "PAPEL HIGIENICO ELITE 8ROLLO": 241150342.477876,
            "PLL AL ESTILO TERIYAKI 480GR PR": 159291995.50843203
        },
        "top_10_ganancia_total": {
            "QUESO TURRIALBA": 148730.6941208655,
            "PAN FRANCES GRANDE": 108450.0033258,
            "MASA SUPER AMERICA AMARILLA 900GS": 81942.8396112,
            "PECHUGA DE POLLO Z": 61997.6077793694,
            "AGUACATE HASS": 61842.07096847277,
            "MASA BLANCA SUPER AMERICA 900G": 61792.499747999995,
            "HUEVOS Z": 58251.1253102599,
            "GUARO CACIQUE 365ML": 56917.71026964,
            "OFERTA 1000": 48087.75957,
            "TOMATE": 42040.30935011046
        }
    },
    "Marzo": {
        "top_20_cantidad": {
            "AGUACATE HASS": 1568.703,
            "PAN FRANCES GRANDE": 1177.373,
            "TOMATE": 987.681,
            "QUESO TURRIALBA": 945.892,
            "MASA BLANCA SUPER AMERICA 900G": 847.414,
            "MASA SUPER AMERICA AMARILLA 900GS": 736.885,
            "HUEVOS Z": 670.053,
            "FILET TILAPIA": 607.769,
            "Acetaminofen 500mg Caplin": 549.108,
            "OFERTA 1000": 524.035,
            "Confite Unidad": 441.5,
            "CHOCOLETA DOS PINOS": 386.57,
            "ALKA SELTZER BOOST": 332.15,
            "Frescoleche Fresa litro": 310.56600000000003,
            "PLATANO UNIDAD": 270.396,
            "POPIS MANG + SANDIA+PIN POP": 269.846,
            "WANCHIZ  55G": 245.122,
            "BOLSA CAMISETA GRANDE": 240.38400000000001,
            "BANANO SUELTO": 237.544,
            "TRIDENT MENTA PEQ.": 217.586
        },
        "top_10_margen_porcentaje": {
            "GALLETA POZUELO BOKITAS P/12": 2821782078.21782,
            "MILAN GALLITO MENTA 12 UNI": 1991150342.47284,
            "soda 8+2 pozuelo": 940593959.40594,
            "GALLETA POZ MARIA TUBO": 871287028.712871,
            "MILANESAS POLLO REY 400gr": 168141492.920354,
            "TORTITAS DE POLLO REY": 126106094.690265,
            "IDEAL EVAPORADA -30% 360gr": 110619369.026549,
            "GALLETA POZUELO MARIA DOCENA": 99009800.990099,
            "Planta ornamental 2": 97345122.7433628,
            "Planta ornamental": 88495475.221239
        },
        "top_10_ganancia_total": {
            "TOMATE": 500917.52190732554,
            "PAN FRANCES GRANDE": 214990.85879108112,
            "MASA BLANCA SUPER AMERICA 900G": 185811.3030291644,
            "ALKA SELTZER BOOST": 179192.8184487272,
            "BOLSA CAMISETA GRANDE": 169185.4205383586,
            "DESOD AERO NIVEA ACLARADO CLAS": 163205.999760197,
            "MASA SUPER AMERICA AMARILLA 900GS": 148813.87879005473,
            "Frescoleche Fresa litro": 144969.89535407984,
            "frescoleche vainilla litro": 90499.40136722881,
            "CULANTRO EN ROLLO": 73994.68415282216
        }
    }
}